GeneticID	MasterID	SkeletonCode	SkeletonElement	DateMeanInBP	Period	GroupID	Country	Locality	Latitude	Longitude	MolecularSex	PCA1	PCA2	DateStandarDeviation	FullDateFormated	AgeOfDeath	DatingMethod	PoliticalEntity	YearPublication	Publication
I11033	I11033	Sk89 (5.37.12, <16493>)	petrous	2421	IA	England_EastYorkshire_EIA	England	England, East Riding of Yorkshire, Pocklington (Burnby Lane)	53.919396	-0.766635	F	-0.0307	-0.0013	69	717-395 calBCE (2385±29 BP, SUERC-78046)	..	Direct: IntCal20	United Kingdom	2021	PattersonNature2021
I13758	I13758	Sk116 (5.37.12)	petrous	2175	IA	England_EastYorkshire_MIA_LIA_brother.I21558	England	England, East Riding of Yorkshire, Pocklington (Burnby Lane)	53.919396	-0.766635	M	-0.0295	-0.0037	101	400-50 BCE	..	Context: Archaeological - Period	United Kingdom	2021	PattersonNature2021
I14107	I14107	Sk66 (5.37.12, <16278>)	petrous	2175	IA	England_EastYorkshire_MIA_LIA_son.I21698	England	England, East Riding of Yorkshire, Pocklington (Burnby Lane)	53.919396	-0.766635	M	-0.0303	0.0026	101	400-50 BCE	..	Context: Archaeological - Period	United Kingdom	2021	PattersonNature2021
I0525	I0525	OSA04:1032	bone	1975	IA	England_EastYorkshire_LIA	England	England, East Riding of Yorkshire, East Riding, North Ferriby, Melton Quarry	53.725076	-0.523009	F	-0.0291	0.0035	43	100 BCE - 50 CE	..	Context: Archaeological - Period	United Kingdom	2021	PattersonNature2021
I14106	I14106	Sk63 (5.37.12, <16159>)	petrous	2045	BA	England_EastYorkshire_LIA	England	England, East Riding of Yorkshire, Pocklington (Burnby Lane)	53.919396	-0.766635	F	-0.0334	-2e-4	47	176 calBCE - 6 calCE (2082±29 BP, SUERC-78041)	..	Direct: IntCal20	United Kingdom	2021	PattersonNature2021
I22057	I22057	ECP09 SK4287	petrous	1970	BA	England_EastYorkshire_LIA	England	England, East Riding of Yorkshire, Thornholme, East Coast Pipeline (field 16)	54.12647222	-0.287966667	F	-0.0305	8e-4	40	104 calBCE - 65 calCE (2031±27 BP, SUERC-52029)	..	Direct: IntCal20	United Kingdom	2021	PattersonNature2021
I22062	I22062	SKP06 SK686AA	petrous	1930	BA	England_EastYorkshire_LIA	England	England, East Riding of Yorkshire, Thornholme, Town Pasture	54.05587222	-0.307591667	M	-0.0311	-0.0049	44	50 calBCE - 116 calCE (1997±31 BP, SUERC-52038)	..	Direct: IntCal20	United Kingdom	2021	PattersonNature2021
I22064	I22064	ECP09 SK4295	petrous	1971	BA	England_EastYorkshire_LIA	England	England, East Riding of Yorkshire, Thornholme, East Coast Pipeline (field 16)	54.12647222	-0.287966667	F	-0.0317	-0.0018	41	105 calBCE - 64 calCE (2032±27 BP, SUERC-52030)	..	Direct: IntCal20	United Kingdom	2021	PattersonNature2021
I5502	I5502	Nunburnholme 14 (barrow D)	petrous	2054	BA	England_EastYorkshire_LIA	England	England, East Riding of Yorkshire, Nunburnholme Wold	53.916717	-0.666972	M	-0.0309	-5e-4	50	196-4 calBCE (2090±30 BP, Beta-520210)	..	Direct: IntCal20	United Kingdom	2021	PattersonNature2021
I12412	I12412	Sk2 (5.37.12, <15171>)	petrous	2238	BA	England_EastYorkshire_MIA	England	England, East Riding of Yorkshire, Pocklington (Burnby Lane)	53.919396	-0.766635	F	-0.0317	-0.003	56	387-205 calBCE (2242±25 BP, SUERC-83069)	..	Direct: IntCal20	United Kingdom	2021	PattersonNature2021
I14100	I14100	Sk26 (5.37.12)	petrous	2302	BA	England_EastYorkshire_MIA	England	England, East Riding of Yorkshire, Pocklington (Burnby Lane)	53.919396	-0.766635	M	-0.0286	-0.004	58	409-229 calBCE (2302±29 BP, SUERC-78040)	..	Direct: IntCal20	United Kingdom	2021	PattersonNature2021
I22055	I22055	ECP09 SK2505	petrous	2237	BA	England_EastYorkshire_MIA	England	England, East Riding of Yorkshire, Thornholme, East Coast Pipeline (field 16)	54.12647222	-0.287966667	F	-0.0305	-0.0045	56	391-201 calBCE (2239±31 BP, SUERC-52014)	..	Direct: IntCal20	United Kingdom	2021	PattersonNature2021
I22056	I22056	ECP09 SK2504	petrous	2238	BA	England_EastYorkshire_MIA	England	England, East Riding of Yorkshire, Thornholme, East Coast Pipeline (field 16)	54.12647222	-0.287966667	F	-0.03	0.0012	56	391-201 calBCE (2241±31 BP, SUERC-52013)	..	Direct: IntCal20	United Kingdom	2021	PattersonNature2021
I0527	I0527	OSA04:1823	bone	2175	BA	England_EastYorkshire_MIA_LIA	England	England, East Riding of Yorkshire, Pocklington (Burnby Lane)	53.725076	-0.523009	F	-0.0329	0.0055	101	400-50 BCE	..	Context: Archaeological - Period	United Kingdom	2021	PattersonNature2021
I11034	I11034	Sk90 (5.37.12, <16552>)	petrous	2175	BA	England_EastYorkshire_MIA_LIA	England	England, East Riding of Yorkshire, Pocklington (Burnby Lane)	53.919396	-0.766635	F	-0.0334	-0.0035	101	400-50 BCE	..	Context: Archaeological - Period	United Kingdom	2021	PattersonNature2021
I12411	I12411	SK-A (this is skeleton 23A) (5.37.12, -15486)	petrous	2175	BA	England_EastYorkshire_MIA_LIA	England	England, East Riding of Yorkshire, Pocklington (Burnby Lane)	53.919396	-0.766635	F	-0.0306	-0.0029	101	400-50 BCE	..	Context: Archaeological - Period	United Kingdom	2021	PattersonNature2021
I12413	I12413	Sk3 (5.37.12, <18187>)	petrous	2175	BA	England_EastYorkshire_MIA_LIA	England	England, East Riding of Yorkshire, Pocklington (Burnby Lane)	53.919396	-0.766635	M	-0.0342	0.0017	101	400-50 BCE	..	Context: Archaeological - Period	United Kingdom	2021	PattersonNature2021
I12414	I12414	Sk93 (5.37.12, <16678>)	petrous	2175	BA	England_EastYorkshire_MIA_LIA	England	England, East Riding of Yorkshire, Pocklington (Burnby Lane)	53.919396	-0.766635	F	-0.0318	-2e-4	101	400-50 BCE	..	Context: Archaeological - Period	United Kingdom	2021	PattersonNature2021
I12415	I12415	Sk95 (5.37.12, <16728>)	petrous	2175	BA	England_EastYorkshire_MIA_LIA	England	England, East Riding of Yorkshire, Pocklington (Burnby Lane)	53.919396	-0.766635	F	-0.0307	-0.0067	101	400-50 BCE	..	Context: Archaeological - Period	United Kingdom	2021	PattersonNature2021
I13751	I13751	Sk80 (5.37.12)	petrous	2175	BA	England_EastYorkshire_MIA_LIA	England	England, East Riding of Yorkshire, Pocklington (Burnby Lane)	53.919396	-0.766635	F	-0.0286	-0.0015	101	400-50 BCE	..	Context: Archaeological - Period	United Kingdom	2021	PattersonNature2021
I13753	I13753	Sk86 (5.37.12, <16470>)	petrous	2175	BA	England_EastYorkshire_MIA_LIA	England	England, East Riding of Yorkshire, Pocklington (Burnby Lane)	53.919396	-0.766635	M	-0.0329	0.0041	101	400-50 BCE	..	Context: Archaeological - Period	United Kingdom	2021	PattersonNature2021
I13754	I13754	Sk87 (5.37.12, <16473>)	petrous	2175	BA	England_EastYorkshire_MIA_LIA	England	England, East Riding of Yorkshire, Pocklington (Burnby Lane)	53.919396	-0.766635	M	-0.0302	-5e-4	101	400-50 BCE	..	Context: Archaeological - Period	United Kingdom	2021	PattersonNature2021
I13755	I13755	Sk100 (5.37.12)	petrous	2175	BA	England_EastYorkshire_MIA_LIA	England	England, East Riding of Yorkshire, Pocklington (Burnby Lane)	53.919396	-0.766635	F	-0.0331	5e-4	101	400-50 BCE	..	Context: Archaeological - Period	United Kingdom	2021	PattersonNature2021
I13756	I13756	Sk107 (5.37.12)	petrous	2175	IA	England_EastYorkshire_MIA_LIA	England	England, East Riding of Yorkshire, Pocklington (Burnby Lane)	53.919396	-0.766635	F	-0.0329	0.0022	101	400-50 BCE	..	Context: Archaeological - Period	United Kingdom	2021	PattersonNature2021
I13757	I13757	Sk109 (5.37.12)	petrous	2175	IA	England_EastYorkshire_MIA_LIA	England	England, East Riding of Yorkshire, Pocklington (Burnby Lane)	53.919396	-0.766635	F	-0.0282	1e-4	101	400-50 BCE	..	Context: Archaeological - Period	United Kingdom	2021	PattersonNature2021
I13760	I13760	Sk142 (5.37.12, <18164>)	petrous	2175	IA	England_EastYorkshire_MIA_LIA	England	England, East Riding of Yorkshire, Pocklington (Burnby Lane)	53.919396	-0.766635	M	-0.0338	-0.0093	101	400-50 BCE	..	Context: Archaeological - Period	United Kingdom	2021	PattersonNature2021
I14099	I14099	Sk11 (5.37.12)	petrous	2175	IA	England_EastYorkshire_MIA_LIA	England	England, East Riding of Yorkshire, Pocklington (Burnby Lane)	53.919396	-0.766635	F	-0.0299	-0.0071	101	400-50 BCE	..	Context: Archaeological - Period	United Kingdom	2021	PattersonNature2021
I14101	I14101	Sk55 (5.37.12)	petrous	2175	IA	England_EastYorkshire_MIA_LIA	England	England, East Riding of Yorkshire, Pocklington (Burnby Lane)	53.919396	-0.766635	F	-0.0305	-0.0034	101	400-50 BCE	..	Context: Archaeological - Period	United Kingdom	2021	PattersonNature2021
I14102	I14102	Sk56a (5.37.12, <16018>)	petrous	2175	IA	England_EastYorkshire_MIA_LIA	England	England, East Riding of Yorkshire, Pocklington (Burnby Lane)	53.919396	-0.766635	M	-0.0323	-0.0039	101	400-50 BCE	..	Context: Archaeological - Period	United Kingdom	2021	PattersonNature2021
I14103	I14103	Sk58 (5.37.12, <16069>)	petrous	2175	IA	England_EastYorkshire_MIA_LIA	England	England, East Riding of Yorkshire, Pocklington (Burnby Lane)	53.919396	-0.766635	F	-0.0307	-0.004	101	400-50 BCE	..	Context: Archaeological - Period	United Kingdom	2021	PattersonNature2021
I14104	I14104	Sk59 (5.37.12, <16072>)	petrous	2175	IA	England_EastYorkshire_MIA_LIA	England	England, East Riding of Yorkshire, Pocklington (Burnby Lane)	53.919396	-0.766635	M	-0.0301	0	101	400-50 BCE	..	Context: Archaeological - Period	United Kingdom	2021	PattersonNature2021
I14105	I14105	Sk61 (5.37.12, <16109>)	petrous	2175	IA	England_EastYorkshire_MIA_LIA	England	England, East Riding of Yorkshire, Pocklington (Burnby Lane)	53.919396	-0.766635	M	-0.0306	-7e-4	101	400-50 BCE	..	Context: Archaeological - Period	United Kingdom	2021	PattersonNature2021
I14108	I14108	Sk62 (5.37.12, <16116>)	petrous	2175	IA	England_EastYorkshire_MIA_LIA	England	England, East Riding of Yorkshire, Pocklington (Burnby Lane)	53.919396	-0.766635	F	-0.0299	-0.002	101	400-50 BCE	..	Context: Archaeological - Period	United Kingdom	2021	PattersonNature2021
I14327	I14327	ECP09 SK4224	petrous	2081	IA	England_EastYorkshire_MIA_LIA	England	England, East Riding of Yorkshire, Thornholme, East Coast Pipeline (field 16)	54.12647222	-0.287966667	M	-0.0299	-0.0033	62	340-47 calBCE (2113±29 BP, SUERC-52028)	..	Direct: IntCal20	United Kingdom	2021	PattersonNature2021
I22052	I22052	ECP09 SK4181	petrous	2104	IA	England_EastYorkshire_MIA_LIA	England	England, East Riding of Yorkshire, East Coast Pipeline (field 16)	54.12647222	-0.287966667	F	-0.0306	-0.001	72	344-52 calBCE (2128±27 BP, SUERC-52024)	..	Direct: IntCal20	United Kingdom	2021	PattersonNature2021
I22060	I22060	ECP09 SK5214	petrous	2074	IA	England_EastYorkshire_MIA_LIA	England	England, East Riding of Yorkshire, East Coast Pipeline (field 9)	54.09468889	-0.281613889	M	-0.0308	-0.0037	66	343-1 calBCE (2105±35 BP, SUERC-33543)	..	Direct: IntCal20	United Kingdom	2021	PattersonNature2021
I22065	I22065	BTR16 SK427	petrous	2149	IA	England_EastYorkshire_MIA_LIA	England	England, East Riding of Yorkshire, Burstwick	53.734309	-0.141121	M	-0.0286	-0.0086	82	351-55 calBCE (2147±24 BP, SUERC-80670)	..	Direct: IntCal20	United Kingdom	2021	PattersonNature2021
I5503	I5503	Nunburnholme 15 (barrow BE)	petrous	2065	IA	England_EastYorkshire_MIA_LIA	England	England, East Riding of Yorkshire, Nunburnholme Wold	53.916717	-0.666972	F	-0.0312	0.0036	54	334-42 calBCE (2100±30 BP, Beta-516926)	..	Direct: IntCal20	United Kingdom	2021	PattersonNature2021
I5505	I5505	Pocklington Skel No 113 (<16990>) | Sk113 (5.37.12)	petrous	2175	IA	England_EastYorkshire_MIA_LIA	England	England, East Riding of Yorkshire, Pocklington (Burnby Lane)	53.919396	-0.766635	M	-0.0304	0.0017	101	400-50 BCE	..	Context: Archaeological - Period	United Kingdom	2021	PattersonNature2021
I5506	I5506	Pocklington Skel No 119 (barrow #46, <17081>)	petrous	2202	IA	England_EastYorkshire_MIA_LIA	England	England, East Riding of Yorkshire, Pocklington (Burnby Lane)	53.919396	-0.766635	F	-0.03	-0.0075	73	358-111 calBCE (2171±25 BP, SUERC-83079)	..	Direct: IntCal20	United Kingdom	2021	PattersonNature2021
I5508	I5508	Pocklington Skel No 57 (barrow #34, <16027>)	petrous	2175	IA	England_EastYorkshire_MIA_LIA	England	England, East Riding of Yorkshire, Pocklington (Burnby Lane)	53.919396	-0.766635	M	-0.0295	0.0023	101	400-50 BCE	..	Context: Archaeological - Period	United Kingdom	2021	PattersonNature2021
I13752	I13752	Sk82 (5.37.12)	petrous	2121	IA	England_EastYorkshire_MIA_LIA_sister.I5511	England	England, East Riding of Yorkshire, Pocklington (Burnby Lane)	53.919396	-0.766635	F	-0.0282	-0.0046	77	346-53 calBCE (2136±25 BP, SUERC-83077)	..	Direct: IntCal20	United Kingdom	2021	PattersonNature2021
I11149	I11149	GENLAB 72, F.268, Sk. 612, con. 278 (F.268; Sk. 612, con. 278)	petrous	2443	IA	England_EIA	England	England, Cambridgeshire, Teversham (Marshall's) Evaluation	52.198919	0.180799	M	-0.0321	-0.0041	84	733-397 calBCE (2400±30 BP, Beta-471582)	..	Direct: IntCal20	United Kingdom	2021	PattersonNature2021
I11154	I11154	GENLAB 78, F. 300, Sk. 904, cat. 4520 (F. 300; Sk. 904, cat. 4520)	petrous	2469	IA	England_EIA	England	England, Cambridgeshire, Trumpington Meadows	52.170279	0.105604	F	-0.0298	0.0032	95	743-404 calBCE (2422±25 BP, SUERC-41925)	..	Direct: IntCal20	United Kingdom	2021	PattersonNature2021
I11995	I11995	GENLAB 39, 2209	petrous	2457	IA	England_EIA	England	England, Somerset, South Cadbury, Cadbury Castle	51.0128	-2.3152	F	-0.0283	-0.0018	91	742-399 calBCE (2409±30 BP, SUERC-94992)	..	Direct: IntCal20	United Kingdom	2021	PattersonNature2021
I12610	I12610	GENLAB 59; 1752; SF1119	tooth	2586	N	England_EIA	England	England, Wiltshire, Potterne, Blackberry Field	51.330985	-2.050187	M	-0.0318	-0.0115	77	765-489 calBCE (2475±20 BP, PSUAMS-7611)	..	Direct: IntCal20	United Kingdom	2021	PattersonNature2021
I12787	I12787	TB 115, Sk 1063	petrous	2391	N	England_EIA	England	England, Gloucestershire, Lechlade-on-Thames, Lechlade Memorial Hall/Skate Park	51.697969	-1.692092	F	-0.0301	-0.0103	52	539-387 calBCE (2362±29 BP, SUERC-80168)	..	Direct: IntCal20	United Kingdom	2021	PattersonNature2021
I13682	I13682	GENLAB 17 (A422/M4)	tooth (molar)	2612	N	England_EIA	England	England, Somerset, Mells Down, Kingsdown Camp	51.264052	-2.405024	M	-0.029	0.0018	76	793-544 calBCE (2527±30 BP, SUERC-94972)	..	Direct: IntCal20	United Kingdom	2021	PattersonNature2021
I13684	I13684	GENLAB 21 (M12)	tooth (molar)	2408	N	England_EIA	England	England, Somerset, Meare Lake Village West	51.176318	-2.796919	F	-0.0334	-0.0042	63	541-391 calBCE (2373±30 BP, SUERC-94974)	..	Direct: IntCal20	United Kingdom	2021	PattersonNature2021
I13688	I13688	GENLAB 108, 57813 (ID 4002; Context 4001)	tooth (molar)	2589	N	England_EIA	England	England, Wiltshire, Rowbarrow	51.052725	-1.7862875	F	-0.0307	-9e-4	76	775-516 calBCE (2492±28 BP, SUERC-41682)	adult , 18-25	Direct: IntCal20	United Kingdom	2021	PattersonNature2021
I13689	I13689	GENLAB 110, 57814 (ID 4177; Context 4178)	tooth (molar)	2531	N	England_EIA	England	England, Wiltshire, Rowbarrow	51.052725	-1.7862875	M	-0.0292	-0.0074	104	753-411 calBCE (2448±29 BP, SUERC-41684)	adult , 35-45	Direct: IntCal20	United Kingdom	2021	PattersonNature2021
I14381	I14381	56950; 3656; GENLAB 260	petrous	2443	N	England_EIA	England	England, Kent, Cliffs End Farm	51.329195	1.3693088	F	-0.0324	-0.0082	82	727-400 calBCE (2405±27 BP, OxA-18430)	adult , 20-35	Direct: IntCal20	United Kingdom	2021	PattersonNature2021
I14743_d	I14743	56950; 3614; GENLAB 255	tooth (canine)	2594	N	England_EIA	England	England, Kent, Cliffs End Farm	51.329195	1.3693088	M	-0.0301	0.006	75	779-524 calBCE (2502±30 BP, SUERC-95002)	adult , 35-50	Direct: IntCal20	United Kingdom	2021	PattersonNature2021
I14747	I14747	56950; 203007; GENLAB 271	tooth (molar)	2374	N	England_EIA	England	England, Kent, Cliffs End Farm	51.329195	1.3693088	F	-0.032	5e-4	33	514-391 calBCE (2365±20 BP) [R_combine: (2375±25 BP, OxA-20796); (2350±30 BP, SUERC-24072)]	adult , 50-70	Direct: IntCal20; R_combine	United Kingdom	2021	PattersonNature2021
I14857	I14857	56950; 3616; GENLAB 256	petrous	2408	N	England_EIA	England	England, Kent, Cliffs End Farm	51.329195	1.3693088	F	-0.0321	-0.0075	70	719-384 calBCE (2365±35 BP, GrA-35980)	sub adult , 14-18	Direct: IntCal20	United Kingdom	2021	PattersonNature2021
I16600	I16600	85680; 61409; GENLAB 275	tooth (molar)	2396	N	England_EIA	England	England, Wiltshire, Amesbury Down	51.168023	-1.7725402	M	-0.0269	-0.0133	64	713-381 calBCE (2358±34 BP, SUERC-49184)	adult , 28-35	Direct: IntCal20	United Kingdom	2021	PattersonNature2021
I16602	I16602	85684; 62017; GENLAB 277	tooth (molar)	2455	N	England_EIA	England	England, Wiltshire, Amesbury Down	51.168023	-1.7725402	F	-0.0336	-0.0053	88	734-403 calBCE (2415±25 BP, SUERC-53042)	adult , 40-60	Direct: IntCal20	United Kingdom	2021	PattersonNature2021
I16612	I16612	A1979.1; Deposit 3; Pit 37	tooth (molar)	2419	N	England_EIA	England	England, Hampshire, Nether Wallop, Danebury	51.138291	-1.53093	F	-0.033	0.0026	65	658-397 calBCE (2389±26 BP, OxA-25953)	..	Direct: IntCal20	United Kingdom	2021	PattersonNature2021
I16617	I16617	R3330	tooth (molar)	2591	N	England_EIA	England	England, Sussex, Brighton, Black Rock	50.816715	-0.097726	F	-0.0316	0.0012	76	777-516 calBCE (2496±30 BP, SUERC-70743)	..	Direct: IntCal20	United Kingdom	2021	PattersonNature2021
I16618	I16618	R3016	tooth (molar)	2604	N	England_EIA	England	England, Sussex, Brighton, Surrendon Road	50.850879	-0.14475	F	-0.0301	-0.0038	74	787-544 calBCE (2518±30 BP, SUERC-70739)	..	Direct: IntCal20	United Kingdom	2021	PattersonNature2021
I17260	I17260	NB 92; P.232 (1); Tr. 2	petrous	2550	N	England_EIA	England	England, Hampshire, Stockbridge, New Buildings	51.136489	-1.494026	M	-0.032	-0.0049	115	800-400 BCE	..	Context: Date(s) from same site (I17258, I17259)	United Kingdom	2021	PattersonNature2021
I19287	I19287	85684; 62020; GENLAB 278	petrous	2570	N	England_EIA	England	England, Wiltshire, Amesbury Down	51.168023	-1.7725402	F	-0.0324	-0.006	90	761-422 calBCE (2468±26 BP, SUERC-53039)	adult , 18-20	Direct: IntCal20	United Kingdom	2021	PattersonNature2021
I19861	I19861	GENLAB 109, 57814 (ID 4174; Context 4175)	petrous	2597	N	England_EIA	England	England, Wiltshire, Rowbarrow	51.052725	-1.7862875	F	-0.0243	-0.0035	72	779-541 calBCE (2506±28 BP, SUERC-41683)	adult , 30-40	Direct: IntCal20	United Kingdom	2021	PattersonNature2021
I19862	I19862	GENLAB 111, 57814 (ID 4244; Context 4243)	petrous	2571	N	England_EIA	England	England, Wiltshire, Rowbarrow	51.052725	-1.7862875	F	-0.034	-0.0093	89	767-423 calBCE (2471±28 BP, SUERC-41689)	adult , 30-40	Direct: IntCal20	United Kingdom	2021	PattersonNature2021
I19863	I19863	GENLAB 112, 57814 (ID 4512; Context 4513)	petrous	2352	IA	England_EIA	England	England, Wiltshire, Rowbarrow	51.052725	-1.7862875	M	-0.028	-0.0107	17	460-382 calBCE (2342±21 BP) [R_combine: (2359±29 BP, SUERC-41690); (2327±28 BP, SUERC-47739)]	sub adult , 14-16	Direct: IntCal20; R_combine	United Kingdom	2021	PattersonNature2021
I19868	I19868	GENLAB 115, 57814 (ID 4652; Context 4653)	petrous	2579	IA	England_EIA	England	England, Wiltshire, Rowbarrow	51.052725	-1.7862875	M	-0.0272	-0.0016	84	771-476 calBCE (2478±28 BP, SUERC-41694)	adult , 35-45	Direct: IntCal20	United Kingdom	2021	PattersonNature2021
I20585	I20585	GENLAB 321; 8592	petrous	2550	IA	England_EIA	England	England, Oxfordshire, Yarnton	51.7977	-1.313464	F	-0.0274	-0.0075	115	800-400 BCE	..	Context: Archaeological - Period	United Kingdom	2021	PattersonNature2021
I27381	I27381	GENLAB 390 (110920-19-B)	petrous	2487	IA	England_EIA	England	England, Dorset, Long Bredy, Bottle Knap	50.710999	-2.611068	F	-0.0331	5e-4	101	748-406 calBCE (2430±25 BP, SUERC-97712)	..	Direct: IntCal20	United Kingdom	2021	PattersonNature2021
I27382	I27382	GENLAB 391 (110920-19-F)	petrous	2592	IA	England_EIA	England	England, Dorset, Long Bredy, Bottle Knap	50.710999	-2.611068	M	-0.0285	-0.011	72	774-540 calBCE (2493±25 BP, SUERC-97713)	..	Direct: IntCal20	United Kingdom	2021	PattersonNature2021
I12772	I12772	SB 553, 19.36.9	petrous	2329	IA	England_IA	England	England, Cornwall, Padstow, St. Merryn, Harlyn Bay	50.539905	-4.997809	M	-0.0353	0.0011	243	800 BCE - 43 CE	..	Context: Archaeological - Period	United Kingdom	2021	PattersonNature2021
I16380	I16380	TB 179; 1900.36.13	petrous	2329	IA	England_IA	England	England, Cornwall, Padstow, St. Merryn, Harlyn Bay	50.539905	-4.997809	M	-0.0355	0.0023	243	800 BCE - 43 CE	..	Context: Archaeological - Period	United Kingdom	2021	PattersonNature2021
I16388	I16388	TB 201; 1900.36.11	petrous	2329	IA	England_IA	England	England, Cornwall, Padstow, St. Merryn, Harlyn Bay	50.539905	-4.997809	F	-0.0302	-0.0039	243	800 BCE - 43 CE	..	Context: Archaeological - Period	United Kingdom	2021	PattersonNature2021
I16439	I16439	TB 173; TRURI 1900.36.15	petrous	2329	IA	England_IA	England	England, Cornwall, Padstow, St. Merryn, Harlyn Bay	50.539905	-4.997809	F	-0.0282	-0.002	243	800 BCE - 43 CE	..	Context: Archaeological - Period	United Kingdom	2021	PattersonNature2021
I16440	I16440	TB 175; 1900.36.10	petrous	2329	IA	England_IA	England	England, Cornwall, Padstow, St. Merryn, Harlyn Bay	50.539905	-4.997809	M	-0.0291	0.002	243	800 BCE - 43 CE	..	Context: Archaeological - Period	United Kingdom	2021	PattersonNature2021
I16441	I16441	TB 177; 1900.36.14	petrous	2329	IA	England_IA	England	England, Cornwall, Padstow, St. Merryn, Harlyn Bay	50.539905	-4.997809	F	-0.0322	0.0045	243	800 BCE - 43 CE	..	Context: Archaeological - Period	United Kingdom	2021	PattersonNature2021
I16453	I16453	TB 192; 1967.31.1	tooth (molar)	2350	IA	England_IA	England	England, Cornwall, St. Mawes, Tregear Vean	50.171785	-5.012467	M	-0.032	0.0097	231	800-1 BCE	..	Context: Archaeological - Period	United Kingdom	2021	PattersonNature2021
I16620	I16620	Catcote HCS01; Context 23 Burial 2	tooth (molar)	2117	IA	England_IA	England	England, Co. Durham, Hartlepool, Catcote	54.676567	-1.236391	F	-0.0303	-0.0024	100	340 BCE - 6 CE (2143±25 BP, SUERC-97711, marine calibrated)	..	Direct: IntCal20 marine calibrated; we don't have the mean and standard deviations from OxCal so assume a uniform distribution over the given range.	United Kingdom	2021	PattersonNature2021
I21305	I21305	GENLAB 44 (a64)	petrous	2300	IA	England_IA	England	England, Somerset, Weston-super-Mare, Grove Park Road	51.353937	-2.979463	M	-0.0303	-0.0011	260	800 BCE - 100 CE	..	Context: Archaeological - Period	United Kingdom	2021	PattersonNature2021
I6769	I6769	SB 551A	..	2548	IA	England_IA	England	England, Cornwall, Padstow, St. Merryn, Harlyn Bay	50.539905	-4.997809	M	-0.0315	-0.0036	100	754-416 calBCE (2455±25 BP, BRAMS-1321)	..	Direct: IntCal20	United Kingdom	2021	PattersonNature2021
I0156.SG	I0156	Hinxton12880, skeleton1964, HI1 (skeleton 1964, HI1)	tooth	1981	IA	England_IA_ERoman.SG	England	England, South Cambridgeshire, East Anglia, Hinxton	52.08	0.18	M	-0.0333	0.001	43	149 calBCE - 60 calCE (2039±27 BP, OxA-29573)	..	Direct: IntCal20	United Kingdom	2016	SchiffelsNatureCommunications2016
M1489_noUDG.SG	M1489	M1489	petrous	2035	IA	England_IA_o.SG	England	England, Yorkshire, East Riding, North Ferriby, Melton Quarry	53.726187	-0.529641	F	-0.0285	-0.0028	72	210 BCE - 40 CE	..	Context: Archaeological - Period	United Kingdom	2016	MartinianoNatureCommunications2016
I0160.SG	I0160	Hinxton12884, skeleton1231, HI2 (skeleton 1231, HI2)	tooth	1973	IA	England_IA.SG	England	England, South Cambridgeshire, East Anglia, Hinxton	52.08	0.18	M	-0.0317	0.0037	71	166 calBCE - 116 calCE (2029±49 BP, Wk - 12599)	..	Direct: IntCal20	United Kingdom	2016	SchiffelsNatureCommunications2016
I0789.SG	I0789	Linton15579, Skeleton270, L	tooth	2163	IA	England_IA.SG	England	England, Cambridgeshire, Linton	52.0991	0.277	F	-0.0293	-0.0014	86	356-54 calBCE (2155±35 BP, SUERC-14246)	..	Direct: IntCal20	United Kingdom	2016	SchiffelsNatureCommunications2016
I11142	I11142	GENLAB 1, a17 SID6	petrous	2067	IA	England_LIA	England	England, Somerset, Worlebury	51.357334	-2.988282	M	-0.0278	-0.0023	51	197-44 calBCE (2103±27 BP, SUERC-94960)	..	Direct: IntCal20	United Kingdom	2021	PattersonNature2021
I11144	I11144	GENLAB 12, 236	petrous	1976	IA	England_LIA	England	England, Somerset, North Perrott, North Perrott Manor	50.88341	-2.760465	M	-0.0324	-1e-4	46	149 calBCE - 65 calCE (2035±30 BP, SUERC-94968)	..	Direct: IntCal20	United Kingdom	2021	PattersonNature2021
I11145	I11145	GENLAB 13, 514	petrous	2022	IA	England_LIA	England	England, Somerset, North Perrott, North Perrott Manor	50.88341	-2.760465	M	-0.033	-1e-4	50	166 calBCE - 14 calCE (2064±30 BP, SUERC-94969)	..	Direct: IntCal20	United Kingdom	2021	PattersonNature2021
I12785	I12785	TB 113, Sk 285	petrous	2051	IA	England_LIA	England	England, Gloucestershire, Bourton-on-the-water, Greystones Farm	51.885901	-1.753493	M	-0.0315	-0.001	57	200-1 BCE	..	Context: Archaeological - Period	United Kingdom	2021	PattersonNature2021
I12791	I12791	TB 119, Sk 259	petrous	2051	IA	England_LIA	England	England, Gloucestershire, Bourton-on-the-water, Greystones Farm	51.885901	-1.753493	M	-0.032	-0.0025	57	200-1 BCE	..	Context: Archaeological - Period	United Kingdom	2021	PattersonNature2021
I14351	I14351	GENLAB 92; SK40	petrous	2048	IA	England_LIA	England	England, West Yorkshire, Wattle Syke	53.9085	-1.384997	F	-0.0271	-0.0025	49	193-6 calBCE (2084±30 BP, SUERC-27314)	neonate	Direct: IntCal20; date of a cranial fragment found amid commingled bones of two neonates that are plausibly twins as they are infant sisters buried together so we take this as a direct date on both individuals	United Kingdom	2021	PattersonNature2021
I14552_d	I14552	TB 171, R3207	petrous	1947	IA	England_LIA	England	England, Sussex, Brighton, Moulsecoomb	50.845584	-0.11145	M	-0.0271	-0.009	42	92 calBCE - 110 calCE (2012±30 BP, SUERC-70741)	..	Direct: IntCal20	United Kingdom	2021	PattersonNature2021
I18599	I18599	GENLAB381; K2114/H	petrous	1924	IA	England_LIA	England	England, Kent, Sittingbourne, Highsted	51.323295	0.73696	F	-0.0305	-0.0015	40	43 calBCE - 110 calCE (1990±25 BP, PSUAMS-7826)	..	Direct: IntCal20	United Kingdom	2021	PattersonNature2021
I19047	I19047	GENLAB370; ARC05; 1124	bone (phalanx)	1976	IA	England_LIA	England	England, Cambridgeshire, Babraham Research Campus (ARC05), ARES site	52.134885	0.204105	M	-0.0303	0.0016	14	1-50 CE	..	Context: Archaeological - Period	United Kingdom	2021	PattersonNature2021
I19587	I19587	TQS07 SK225	tooth	2048	IA	England_LIA	England	England, North Yorkshire, Scorton Quarry	54.3955	-1.614	M	-0.0259	-0.0132	51	195 calBCE - 7 calCE (2084±31 BP, SUERC-52142)	..	Direct: IntCal20	United Kingdom	2021	PattersonNature2021
I19870	I19870	GENLAB 117, ExEKA09, Zone 4 (ID 147255; Context 147257, ExEKA09, Zone 4)	petrous	2051	IA	England_LIA	England	England, Kent, East Kent Access Road	51.3603	1.3405	F	-0.0295	-0.0073	57	200-1 BCE	adult , >50	Context: In the same double-grave as dated I19869	United Kingdom	2021	PattersonNature2021
I21302	I21302	GENLAB 41 (76.AA.165; 3674 (Box 4))	petrous	1922	IA	England_LIA	England	England, South Somerset, South Cadbury	51.0128	-2.3152	M	-0.0304	-0.0133	43	46 calBCE - 117 calCE (1989±30 BP, SUERC-94994)	..	Direct: IntCal20	United Kingdom	2021	PattersonNature2021
I21303	I21303	GENLAB 42 (SCK 614; 76AA165/3557)	petrous	1995	IA	England_LIA	England	England, South Somerset, South Cadbury	51.0128	-2.3152	F	-0.0329	-0.0044	45	153 calBCE - 25 calCE (2048±26 BP, SUERC-94998)	..	Direct: IntCal20	United Kingdom	2021	PattersonNature2021
I21315	I21315	GENLAB 64 (con. 5631, cat. 931, 1780, F.1024)	petrous	2043	IA	England_LIA	England	England, Somerset, Ham Hill	50.949985	-2.735842	M	-0.0298	-0.0085	45	173 calBCE - 5 calCE (2080±27 BP, SUERC-74473)	..	Direct: IntCal20	United Kingdom	2021	PattersonNature2021
I5365	I5365	SB601A	hair	1960	IA	England_LIA	England	England, Somerset, Priddy	51.255523	-2.667883	F	-0.0337	-0.0053	45	103 calBCE - 107 calCE (2023±31 BP, SUERC-50796)	..	Direct: IntCal20	United Kingdom	2021	PattersonNature2021
I14360	I14360	GENLAB 86; SK37	tooth (molar)	1984	IA	England_LIA_o	England	England, West Yorkshire, Wattle Syke	53.9085	-1.384997	F	-0.0299	-0.0021	47	151 calBCE - 62 calCE (2040±30 BP, SUERC-27301)	adult	Direct: IntCal20	United Kingdom	2021	PattersonNature2021
I11146	I11146	GENLAB 19, M17	petrous	2250	IA	England_MIA	England	England, Somerset, Meare Lake Village West	51.176318	-2.796919	M	-0.0346	-2e-4	58	400-200 BCE	..	Context: Archaeological - Period	United Kingdom	2021	PattersonNature2021
I11147	I11147	GENLAB 22, Pit X	petrous	2241	Roman	England_MIA	England	England, Somerset, Christon, Dibbles Farm	51.313891	-2.885217	F	-0.0292	0.0015	58	392-204 calBCE (2248±30 BP, SUERC-94978)	..	Direct: IntCal20	United Kingdom	2021	PattersonNature2021
I11148	I11148	GENLAB 25, Pit XXXVII	petrous	2292	Roman	England_MIA	England	England, Somerset, Christon, Dibbles Farm	51.313891	-2.885217	F	-0.0324	-0.002	61	407-211 calBCE (2297±30 BP, SUERC-94981)	..	Direct: IntCal20	United Kingdom	2021	PattersonNature2021
I11150	I11150	GENLAB 73, F. 384, con. 1415, cat, 610	petrous	2227	Roman	England_MIA	England	England, Bedfordshire, Broom Quarry	52.079115	-0.280974	M	-0.0293	-0.0031	53	381-197 calBCE (2215±28 BP, SUERC-86441)	..	Direct: IntCal20	United Kingdom	2021	PattersonNature2021
I11151	I11151	GENLAB 74, F.855, con. 3368, cat, 1858	petrous	2227	Roman	England_MIA	England	England, Bedfordshire, Broom Quarry	52.079115	-0.280974	M	-0.0301	-0.0051	53	379-197 calBCE (2214±27 BP, SUERC-97413)	..	Direct: IntCal20	United Kingdom	2021	PattersonNature2021
I11153	I11153	GENLAB 77, F. 339, Sk. 938, cat. 4785 (F. 339; Sk. 938, cat. 4785)	petrous	2285	Roman	England_MIA	England	England, Cambridgeshire, Trumpington Meadows	52.170279	0.105604	M	-0.0313	-0.0035	62	405-209 calBCE (2291±29 BP, SUERC-49492)	..	Direct: IntCal20	United Kingdom	2021	PattersonNature2021
I11156	I11156	GENLAB 84, F.613, con. 573, cat. 331	petrous	2229	Roman	England_MIA	England	England, Cambridgeshire, Whittlesey, Bradley Fen	52.564022	-0.179454	M	-0.0286	-0.0047	52	382-200 calBCE (2223±26 BP, BRAMS-1695)	..	Direct: IntCal20	United Kingdom	2021	PattersonNature2021
I11997	I11997	GENLAB 85, F.781, con. 785, cat. 445	petrous	2227	Roman	England_MIA	England	England, Cambridgeshire, Whittlesey, Bradley Fen	52.564022	-0.179454	M	-0.0319	-0.0013	53	377-197 calBCE (2213±26 BP, BRAMS-1691)	..	Direct: IntCal20	United Kingdom	2021	PattersonNature2021
I12770	I12770	SB 476, CPC02Y3-039	petrous	2225	Roman	England_MIA	England	England, Derbyshire, Brassington, Carsington Pasture Cave	53.079803	-1.640942	F	-0.0325	-0.0062	64	390-171 calBCE (2217±44 BP, UBA-30798)	..	Direct: IntCal20	United Kingdom	2021	PattersonNature2021
I12771	I12771	SB 479, CPC99-029	petrous	2326	Roman	England_MIA	England	England, Derbyshire, Brassington, Carsington Pasture Cave	53.079803	-1.640942	M	-0.032	0.0034	64	513-210 calBCE (2321±36 BP, UBA-32284)	..	Direct: IntCal20	United Kingdom	2021	PattersonNature2021
I12775	I12775	TB 103, CPC-98-018	petrous	2225	Roman	England_MIA	England	England, Derbyshire, Brassington, Carsington Pasture Cave	53.079803	-1.640942	M	-0.032	3e-4	53	361-177 calBCE (2200±20 BP, PSUAMS-8287)	neonate	Direct: IntCal20	United Kingdom	2021	PattersonNature2021
I13615	I13615	GENLAB 121, ExEKA09, Zone 12 (ID 136049; Context 126013, ExEKA09, Zone 12)	tooth (premolar)	2250	Roman	England_MIA	England	England, Kent, East Kent Access Road	51.3603	1.3405	M	-0.031	-0.0043	58	400-200 BCE	adult , 21-25	Context: Archaeological - Period	United Kingdom	2021	PattersonNature2021
I13680	I13680	GENLAB 71 (con. 1057, cat. 39, F.1011)	tooth (molar)	2224	Roman	England_MIA	England	England, Somerset, Ham Hill	50.949985	-2.735842	M	-0.0305	-0.0051	55	366-176 calBCE (2203±26 BP, SUERC-73822)	..	Direct: IntCal20	United Kingdom	2021	PattersonNature2021
I13685	I13685	GENLAB 24 (Pit XLIV)	tooth (molar)	2265	Roman	England_MIA	England	England, Somerset, Christon, Dibbles Farm	51.313891	-2.885217	F	-0.031	-0.0054	63	400-208 calBCE (2276±30 BP, SUERC-94980)	..	Direct: IntCal20	United Kingdom	2021	PattersonNature2021
I13687	I13687	GENLAB 79 (F.616; Sk. 1419, cat.6451)	tooth (molar)	2222	IA	England_MIA	England	England, Cambridgeshire, Trumpington Meadows	52.170279	0.105604	F	-0.0315	9e-4	58	368-173 calBCE (2200±30 BP, SUERC-49491)	..	Direct: IntCal20	United Kingdom	2021	PattersonNature2021
I13717	I13717	GENLAB 147, 62413 (ID 25040; Context 25043)	petrous	2259	IA	England_MIA	England	England, Hampshire, Barton-Stacey Pipeline	51.15	-1.36	F	-0.0302	-0.0043	62	398-208 calBCE (2270±30 BP, SUERC-26240)	adult , 34-45	Direct: IntCal20	United Kingdom	2021	PattersonNature2021
I13727	I13727	GENLAB 80 (F493, Sk. 1165, cat.5834)	petrous	2243	IA	England_MIA	England	England, Cambridgeshire, Trumpington Meadows	52.170279	0.105604	F	-0.0284	-0.0022	57	389-208 calBCE (2249±20 BP, SUERC-41926)	..	Direct: IntCal20	United Kingdom	2021	PattersonNature2021
I13728	I13728	GENLAB 81 (F310, Sk. 900, cat.4591)	petrous	2227	IA	England_MIA	England	England, Cambridgeshire, Trumpington Meadows	52.170279	0.105604	M	-0.0305	-0.0028	55	381-179 calBCE (2214±30 BP, SUERC-49488)	..	Direct: IntCal20	United Kingdom	2021	PattersonNature2021
I13729	I13729	GENLAB 82 (F1320, Sk. 2327, cat.8540)	petrous	2350	IA	England_MIA	England	England, Cambridgeshire, Trumpington Meadows	52.170279	0.105604	F	-0.0299	-0.0055	39	512-236 calBCE (2334±29 BP, SUERC-49494)	..	Direct: IntCal20	United Kingdom	2021	PattersonNature2021
I13730	I13730	GENLAB 135, ExEKA09, Zone 13 (ID 246011; Context 246012, ExEKA09, Zone 13)	petrous	2237	IA	England_MIA	England	England, Kent, East Kent Access Road	51.3603	1.3405	M	-0.0281	-0.0058	56	390-202 calBCE (2240±30 BP, SUERC-40301)	adult , >45	Direct: IntCal20	United Kingdom	2021	PattersonNature2021
I13731	I13731	GENLAB 136, ExEKA09, Zone 13 (ID 248091; Context 248092, ExEKA09, Zone 13)	petrous	2246	IA	England_MIA	England	England, Kent, East Kent Access Road	51.3603	1.3405	M	-0.0341	-0.0012	59	393-206 calBCE (2255±30 BP, SUERC-40302)	sub adult , 15-16	Direct: IntCal20	United Kingdom	2021	PattersonNature2021
I13732	I13732	GENLAB 137, ExEKA09, Zone 19 (ID 205111; Context 205108, ExEKA09, Zone 19)	petrous	2269	IA	England_MIA	England	England, Kent, East Kent Access Road	51.3603	1.3405	M	-0.0294	0.0019	63	401-208 calBCE (2280±30 BP, SUERC-40712)	adult , 45-55	Direct: IntCal20	United Kingdom	2021	PattersonNature2021
I14347	I14347	GENLAB 88; SK22	petrous	2224	IA	England_MIA	England	England, West Yorkshire, Wattle Syke	53.9085	-1.384997	M	-0.0351	-0.0017	56	371-176 calBCE (2205±30 BP, SUERC-27303)	adult	Direct: IntCal20	United Kingdom	2021	PattersonNature2021
I14348	I14348	GENLAB 89; SK36	petrous	2222	IA	England_MIA	England	England, West Yorkshire, Wattle Syke	53.9085	-1.384997	F	-0.0278	-0.0018	58	368-173 calBCE (2200±30 BP, SUERC-27302)	young adult	Direct: IntCal20	United Kingdom	2021	PattersonNature2021
I14380	I14380	56950; 3651; GENLAB 259	petrous	2235	IA	England_MIA	England	England, Kent, Cliffs End Farm	51.329195	1.3693088	M	-0.0293	-0.0042	55	387-203 calBCE (2237±28 BP, OxA-17802)	sub adult , 14-16	Direct: IntCal20	United Kingdom	2021	PattersonNature2021
I14549	I14549	TB 168, R3706	petrous	2267	IA	England_MIA	England	England, Sussex, Brighton, Woodingdean	50.836656	-0.075378	F	-0.0287	-0.0043	63	401-208 calBCE (2279±31 BP, SUERC-76366)	..	Direct: IntCal20	United Kingdom	2021	PattersonNature2021
I14551	I14551	TB 170, HATMP100348.2 (Grave 2)	petrous	2349	IA	England_MIA	England	England, Sussex, Brighton, Slonk Hill	50.844866	-0.266087	F	-0.0295	-0.0051	46	514-234 calBCE (2333±31 BP, SUERC-76365)	..	Direct: IntCal20	United Kingdom	2021	PattersonNature2021
I14800	I14800	GENLAB349; SK 507 (SK 507; Cut 7385, Coombe Area)	petrous	2228	IA	England_MIA	England	England, Oxfordshire, Thame	51.75	-0.99	M	-0.0289	-0.0102	54	382-197 calBCE (2216±30 BP, SUERC-95009)	juvenile, 13-17	Direct: IntCal20	United Kingdom	2021	PattersonNature2021
I14801	I14801	GENLAB350; SK 1500 (SK 1500; Cut 15510, main settlement)	petrous	2214	IA	England_MIA	England	England, Oxfordshire, Thame	51.75	-0.99	F	-0.0324	-0.0045	65	362-163 calBCE (2184±27 BP, SUERC-97421)	juvenile, 6-12	Direct: IntCal20	United Kingdom	2021	PattersonNature2021
I14802	I14802	GENLAB351; SK 509 (SK 509; Cut 7920, Coombe Area )	tooth (molar)	2247	IA	England_MIA	England	England, Oxfordshire, Thame	51.75	-0.99	F	-0.0314	-0.0056	59	393-206 calBCE (2256±30 BP, SUERC-95010)	adult	Direct: IntCal20	United Kingdom	2021	PattersonNature2021
I14804	I14804	GENLAB353; SK 503 (SK 503; Cut 6520, Coombe Area)	petrous	2233	IA	England_MIA	England	England, Oxfordshire, Thame	51.75	-0.99	F	-0.0351	-7e-4	55	387-201 calBCE (2231±30 BP, SUERC-95012)	juvenile, 6-12	Direct: IntCal20	United Kingdom	2021	PattersonNature2021
I14806	I14806	GENLAB355; SK 505 (SK 505;  Cut 6690, Isolated burial )	tooth (molar)	2230	IA	England_MIA	England	England, Oxfordshire, Thame	51.75	-0.99	F	-0.0278	-7e-4	54	386-198 calBCE (2224±30 BP, SUERC-95014)	adult	Direct: IntCal20	United Kingdom	2021	PattersonNature2021
I14807	I14807	GENLAB356; SK 504 (SK 504; Cut 6652, Coombe Area)	petrous	2241	IA	England_MIA	England	England, Oxfordshire, Thame	51.75	-0.99	M	-0.0295	-0.0021	57	391-204 calBCE (2247±30 BP, SUERC-95018)	juvenile, 6-12	Direct: IntCal20	United Kingdom	2021	PattersonNature2021
I14808	I14808	GENLAB357; SK 500 (SK 500; Cut 5197,Coombe Area)	tooth (molar)	2274	IA	England_MIA	England	England, Oxfordshire, Thame	51.75	-0.99	F	-0.0281	-0.0069	62	401-209 calBCE (2279±26 BP, SUERC-97422)	adult	Direct: IntCal20	United Kingdom	2021	PattersonNature2021
I14858	I14858	56950; 3644; GENLAB 257	petrous	2254	IA	England_MIA	England	England, Kent, Cliffs End Farm	51.329195	1.3693088	F	-0.0317	-0.0012	61	396-207 calBCE (2265±30 BP, GrA-37707)	adult , 30-40	Direct: IntCal20	United Kingdom	2021	PattersonNature2021
I14859	I14859	56950; 3660; GENLAB 261	petrous	2227	IA	England_MIA	England	England, Kent, Cliffs End Farm	51.329195	1.3693088	M	-0.0284	-0.0092	50	377-203 calBCE (2227±18 BP) [R_combine: (2220±20 BP, PSUAMS-8551); (2250±35 BP, GrA-35998)]	sub adult , 15-17	Direct: IntCal20; R_combine	United Kingdom	2021	PattersonNature2021
I14860	I14860	56950; 3662; GENLAB 262	petrous	2231	IA	England_MIA	England	England, Kent, Cliffs End Farm	51.329195	1.3693088	F	-0.0293	-0.0021	54	386-198 calBCE (2225±30 BP, GrA-37686)	adult , 29-34	Direct: IntCal20	United Kingdom	2021	PattersonNature2021
I14863	I14863	56950; 3677; GENLAB 267	petrous	2225	IA	England_MIA	England	England, Kent, Cliffs End Farm	51.329195	1.3693088	F	-0.0336	0.0011	52	360-201 calBCE (2201±20 BP) [R_combine: (2198±26 BP, OxA-18432); (2205±30 BP, GrA-37687)]	sub adult , 14-16	Direct: IntCal20	United Kingdom	2021	PattersonNature2021
I14866	I14866	56950; 243204; GENLAB 273	petrous	2226	IA	England_MIA	England	England, Kent, Cliffs End Farm	51.329195	1.3693088	M	-0.0298	-0.0054	50	372-197 calBCE (2212±21 BP) [R_combine: (2215±30 BP, SUERC-24071); (2244±27 BP, OxA-20795); (2176±27 BP, SUERC-97414)]	sub adult , 12-14	Direct: IntCal20; R_combine	United Kingdom	2021	PattersonNature2021
I16591	I16591	GENLAB 23 (Pit A)	tooth	2311	IA	England_MIA	England	England, Somerset, Christon, Dibbles Farm	51.313891	-2.885217	M	-0.028	-4e-4	53	408-232 calBCE (2305±27 BP, SUERC-94979)	..	Direct: IntCal20	United Kingdom	2021	PattersonNature2021
I16592	I16592	GENLAB 29 (DF70 on box, Pit XXXIX (b)) | GENLAB 31 (Pit XIII)	mandible (tooth)	2231	IA	England_MIA	England	England, Somerset, Christon, Dibbles Farm	51.313891	-2.885217	M	-0.0311	-0.0031	54	387-199 calBCE (2227±30 BP, SUERC-94989)	..	Direct: IntCal20	United Kingdom	2021	PattersonNature2021
I16593	I16593	GENLAB 32 (A1795)	tooth	2228	IA	England_MIA	England	England, Somerset, Ham Hill	50.949985	-2.735842	F	-0.0274	0.0082	54	382-197 calBCE (2216±30 BP, SUERC-94990)	..	Direct: IntCal20	United Kingdom	2021	PattersonNature2021
I16595	I16595	GENLAB 51 (P21; Encl. II, BIX)	mandible (tooth)	2236	IA	England_MIA	England	England, Wiltshire, Longbridge Deverill, Cow Down	51.163778	-2.162783	F	-0.0318	4e-4	55	387-204 calBCE (2238±27 BP, SUERC-95000)	..	Direct: IntCal20	United Kingdom	2021	PattersonNature2021
I16597	I16597	GENLAB 75 (F897, con. 3341, cat, 1971)	mandible (tooth)	2283	IA	England_MIA	England	England, Bedfordshire, Broom Quarry	52.079115	-0.280974	M	-0.0225	-0.0067	62	404-209 calBCE (2288±28 BP, SUERC-86447)	..	Direct: IntCal20	United Kingdom	2021	PattersonNature2021
I16599	I16599	85680; 61394; GENLAB 274	tooth (canine)	2295	IA	England_MIA	England	England, Wiltshire, Amesbury Down	51.168023	-1.7725402	M	-0.033	-2e-4	63	411-208 calBCE (2303±34 BP, SUERC-49183)	adult , 30-45	Direct: IntCal20	United Kingdom	2021	PattersonNature2021
I16611	I16611	SF 96/2; F. 455B	tooth (molar)	2267	IA	England_MIA	England	England, Hampshire, Middle Wallop, Suddern Farm	51.140932	-1.598337	M	-0.0338	-0.0051	63	401-208 calBCE (2279±31 BP, SUERC-60688)	..	Direct: IntCal20	United Kingdom	2021	PattersonNature2021
I17014	I17014	GENLAB 26 (box 20, Pit XV11)	petrous	2227	IA	England_MIA	England	England, Somerset, Christon, Dibbles Farm	51.313891	-2.885217	M	-0.0283	-0.0079	55	381-179 calBCE (2213±30 BP, SUERC-94982)	..	Direct: IntCal20	United Kingdom	2021	PattersonNature2021
I17015	I17015	GENLAB 27 (Pit XLVI(b))	petrous	2227	Viking	England_MIA	England	England, Somerset, Christon, Dibbles Farm	51.313891	-2.885217	F	-0.0347	-0.0069	53	380-197 calBCE (2215±27 BP, SUERC-94983)	..	Direct: IntCal20	United Kingdom	2021	PattersonNature2021
I17016	I17016	GENLAB 28 (Pit XVI)	petrous	2226	Viking	England_MIA	England	England, Somerset, Christon, Dibbles Farm	51.313891	-2.885217	M	-0.0271	-6e-4	55	377-178 calBCE (2210±30 BP, SUERC-94984)	..	Direct: IntCal20	United Kingdom	2021	PattersonNature2021
I17261	I17261	SF 96/2; F. 446	petrous	2224	Viking	England_MIA	England	England, Hampshire, Middle Wallop, Suddern Farm	51.140932	-1.598337	M	-0.0279	-0.0091	58	372-175 calBCE (2205±32 BP, SUERC-60691)	..	Direct: IntCal20	United Kingdom	2021	PattersonNature2021
I19044	I19044	GENLAB367; JLU15; 583	tooth (molar)	2228	Viking	England_MIA	England	England, Cambridgeshire, Marshall's Jaguar Land Rover New Showroom (JLU15)	52.210906	0.177859	M	-0.0279	-0.0063	52	381-199 calBCE (2221±25 BP, SUERC-97424)	..	Direct: IntCal20	United Kingdom	2021	PattersonNature2021
I19045	I19045	GENLAB368; JLU15; 1134	tooth	2238	Viking	England_MIA	England	England, Cambridgeshire, Marshall's Jaguar Land Rover New Showroom (JLU15)	52.210906	0.177859	M	-0.0287	-0.0056	56	388-206 calBCE (2243±25 BP, SUERC-97428)	..	Direct: IntCal20	United Kingdom	2021	PattersonNature2021
I19046	I19046	GENLAB369; JLU15; 1226	bone (phalanx)	2228	Viking	England_MIA	England	England, Cambridgeshire, Marshall's Jaguar Land Rover New Showroom (JLU15)	52.210906	0.177859	M	-0.0286	-0.0064	53	383-197 calBCE (2218±28 BP, SUERC-97429)	..	Direct: IntCal20	United Kingdom	2021	PattersonNature2021
I19207	I19207	GENLAB 325; 2718	tooth	2232	Viking	England_MIA	England	England, Oxfordshire, Yarnton	51.7977	-1.313464	M	-0.0294	-0.0046	52	382-205 calBCE (2234±20 BP, UB-3920)	..	Direct: IntCal20	United Kingdom	2021	PattersonNature2021
I19211	I19211	GENLAB 331; 2719	tooth	2250	Viking	England_MIA	England	England, Oxfordshire, Yarnton	51.7977	-1.313464	M	-0.0275	0.0015	58	400-200 BCE	..	Context: Archaeological - Period	United Kingdom	2021	PattersonNature2021
I19652	I19652	GENLAB 65 (con. 5627, cat. 914, SF1296, F.1531)	petrous	2247	Viking	England_MIA	England	England, Somerset, Ham Hill	50.949985	-2.735842	F	-0.0332	9e-4	60	395-205 calBCE (2257±32 BP, SUERC-73829)	..	Direct: IntCal20	United Kingdom	2021	PattersonNature2021
I19653	I19653	GENLAB 66 (con. 5627, cat. 915, SF1299, F.1531)	petrous	2250	Viking	England_MIA	England	England, Somerset, Ham Hill	50.949985	-2.735842	M	-0.0322	-0.0032	58	400-200 BCE	..	Context: Archaeological - Period	United Kingdom	2021	PattersonNature2021
I19654	I19654	GENLAB 67 (con. 6116, cat. 1184, F.1531)	petrous	2250	Viking	England_MIA	England	England, Somerset, Ham Hill	50.949985	-2.735842	F	-0.0274	-0.0087	58	400-200 BCE	..	Context: Archaeological - Period	United Kingdom	2021	PattersonNature2021
I19656	I19656	GENLAB 69 (con. 6115, cat. 1183, F.1531)	petrous	2231	Viking	England_MIA	England	England, Somerset, Ham Hill	50.949985	-2.735842	M	-0.0339	-0.0034	54	387-198 calBCE (2226±30 BP, SUERC-73828)	..	Direct: IntCal20	United Kingdom	2021	PattersonNature2021
I19856	I19856	GENLAB 37 (68; 104/1994/49)	petrous	2250	Viking	England_MIA	England	England, Somerset, Ham Hill	50.949985	-2.735842	F	-0.024	-0.0054	58	400-200 BCE	..	Context: Archaeological - Period	United Kingdom	2021	PattersonNature2021
I19873	I19873	GENLAB 123, ExEKA09, Zone 12 (ID 153040; Context 153039, ExEKA09, Zone 12)	petrous	2250	Viking	England_MIA	England	England, Kent, East Kent Access Road	51.3603	1.3405	M	-0.0309	-0.0136	58	400-200 BCE	juvenile, 7-9	Context: Archaeological - Period	United Kingdom	2021	PattersonNature2021
I19874	I19874	GENLAB 124, ExEKA09, Zone 12 (ID 143043; Context 153042, ExEKA09, Zone 12)	petrous	2250	Viking	England_MIA	England	England, Kent, East Kent Access Road	51.3603	1.3405	F	-0.0337	-0.0036	58	400-200 BCE	juvenile/sub adult , 11-13	Context: Archaeological - Period	United Kingdom	2021	PattersonNature2021
I19907	I19907	GENLAB 125, ExEKA09, Zone 12 (ID 166005; Context 166004, ExEKA09, Zone 12)	petrous	2250	Viking	England_MIA	England	England, Kent, East Kent Access Road	51.3603	1.3405	F	-0.0278	-6e-4	58	400-200 BCE	adult , 45-55	Context: Archaeological - Period	United Kingdom	2021	PattersonNature2021
I19908	I19908	GENLAB 126, ExEKA09, Zone 12 (ID 153011; Context 153012, ExEKA09, Zone 12)	petrous	2250	Viking	England_MIA	England	England, Kent, East Kent Access Road	51.3603	1.3405	F	-0.0266	-0.0095	58	400-200 BCE	sub adult , 13-14	Context: Archaeological - Period	United Kingdom	2021	PattersonNature2021
I19909	I19909	GENLAB 127, ExEKA09, Zone12 (ID 153028; Context 153027, ExEKA09, Zone12)	petrous	2227	Viking	England_MIA	England	England, Kent, East Kent Access Road	51.3603	1.3405	M	-0.0294	0.0013	54	381-197 calBCE (2215±30 BP, SUERC-40288)	adult , 40-50	Direct: IntCal20	United Kingdom	2021	PattersonNature2021
I19910	I19910	GENLAB 128, ExEKA09, Zone 12 (ID 153048; Context 153047, ExEKA09, Zone 12)	petrous	2250	Viking	England_MIA	England	England, Kent, East Kent Access Road	51.3603	1.3405	F	-0.0236	-0.0103	58	400-200 BCE	adult , 40-50	Context: Archaeological - Period	United Kingdom	2021	PattersonNature2021
I19911	I19911	GENLAB 129, ExEKA09, Zone 12 (ID 153055; Context 153054, ExEKA09, Zone 12)	petrous	2250	IA	England_MIA	England	England, Kent, East Kent Access Road	51.3603	1.3405	M	-0.0307	-0.0109	58	400-200 BCE	adult , 35-45	Context: Archaeological - Period	United Kingdom	2021	PattersonNature2021
I19912	I19912	GENLAB 130, ExEKA09, Zone 13 (ID 126127; Context 126128, ExEKA09, Zone 13)	petrous	2222	IA	England_MIA	England	England, Kent, East Kent Access Road	51.3603	1.3405	F	-0.0313	8e-4	58	368-173 calBCE (2200±30 BP, SUERC-40289)	adult , 25-33	Direct: IntCal20	United Kingdom	2021	PattersonNature2021
I19914	I19914	GENLAB 133, ExEKA09, Zone 13 (ID 220092; Context 220093, ExEKA09, Zone 13)	petrous	2233	IA	England_MIA	England	England, Kent, East Kent Access Road	51.3603	1.3405	F	-0.0294	-0.0043	55	387-200 calBCE (2230±30 BP, SUERC-40299)	sub adult , 14-16	Direct: IntCal20	United Kingdom	2021	PattersonNature2021
I20582	I20582	GENLAB 338; 502/B/1	petrous	2217	IA	England_MIA	England	England, Oxfordshire, Stanton Harcourt, Gravelly Guy	51.74585	-1.416236	F	-0.0282	-0.0054	63	368-165 calBCE (2190±30 BP, SUERC-95003)	..	Direct: IntCal20	United Kingdom	2021	PattersonNature2021
I20586	I20586	GENLAB 322; 2022	petrous	2250	IA	England_MIA	England	England, Oxfordshire, Yarnton	51.7977	-1.313464	M	-0.0281	-6e-4	58	400-200 BCE	..	Context: Archaeological - Period	United Kingdom	2021	PattersonNature2021
I20587	I20587	GENLAB 323; 1681	petrous	2244	IA	England_MIA	England	England, Oxfordshire, Yarnton	51.7977	-1.313464	M	-0.0252	-0.0088	58	389-208 calBCE (2250±21 BP, UB-3776)	..	Direct: IntCal20	United Kingdom	2021	PattersonNature2021
I20588	I20588	GENLAB 324; 2717	petrous	2225	IA	England_MIA	England	England, Oxfordshire, Yarnton	51.7977	-1.313464	M	-0.0274	-0.0095	51	366-197 calBCE (2207±21 BP, UB-3778)	..	Direct: IntCal20	United Kingdom	2021	PattersonNature2021
I20589	I20589	GENLAB 327; 2714	petrous	2250	IA	England_MIA	England	England, Oxfordshire, Yarnton	51.7977	-1.313464	M	-0.0319	-0.0021	58	400-200 BCE	..	Context: Archaeological - Period	United Kingdom	2021	PattersonNature2021
I20620	I20620	CE052	tooth (premolar)	2231	IA	England_MIA	England	England, Derbyshire, Fin Cop	53.235833	-1.736944	F	-0.0399	-0.0019	52	382-204 calBCE (2231±22 BP) [R_combine: (2198±27 BP, OxA-21387); (2285±35 BP, SUERC-26419)]	..	Direct: IntCal20; R_combine	United Kingdom	2021	PattersonNature2021
I20627	I20627	CE059	petrous	2227	IA	England_MIA	England	England, Derbyshire, Fin Cop	53.235833	-1.736944	F	-0.0292	-0.0024	50	376-203 calBCE (2225±19 BP) [R_combine: (2190±30 BP, SUERC-40141); (2247±24 BP, OxA-23360)]	..	Direct: IntCal20; R_combine	United Kingdom	2021	PattersonNature2021
I20990	I20990	DA 86; Deposit 241; Pit 1114	petrous	2220	IA	England_MIA	England	England, Hampshire, Nether Wallop, Danebury	51.138291	-1.53093	F	-0.0335	-0.0026	60	362-171 calBCE (2192±27 BP, OxA-25957)	..	Direct: IntCal20	United Kingdom	2021	PattersonNature2021
I21178	I21178	GENLAB 328; 2720	petrous	2250	IA	England_MIA	England	England, Oxfordshire, Yarnton	51.7977	-1.313464	F	-0.0291	-0.0043	58	400-200 BCE	..	Context: Archaeological - Period	United Kingdom	2021	PattersonNature2021
I21179	I21179	GENLAB 332; 2713	petrous	2228	IA	England_MIA	England	England, Oxfordshire, Yarnton	51.7977	-1.313464	F	-0.0303	-9e-4	51	381-201 calBCE (2224±21 BP, UB-3779)	..	Direct: IntCal20	United Kingdom	2021	PattersonNature2021
I21180	I21180	GENLAB 334; 2069	petrous	2267	IA	England_MIA	England	England, Oxfordshire, Yarnton	51.7977	-1.313464	M	-0.03	-0.0066	61	396-209 calBCE (2268±20 BP, UB-3922)	..	Direct: IntCal20	United Kingdom	2021	PattersonNature2021
I21181	I21181	GENLAB 335; 133	petrous	2250	IA	England_MIA	England	England, Oxfordshire, Yarnton	51.7977	-1.313464	M	-0.0289	-0.0042	58	400-200 BCE	..	Context: Archaeological - Period	United Kingdom	2021	PattersonNature2021
I21182	I21182	GENLAB 336; 376	petrous	2250	IA	England_MIA	England	England, Oxfordshire, Yarnton	51.7977	-1.313464	M	-0.0277	-0.004	58	400-200 BCE	..	Context: Archaeological - Period	United Kingdom	2021	PattersonNature2021
I21293	I21293	GENLAB371; BEDFM2012.59; 434	petrous	2263	IA	England_MIA	England	England, Bedfordshire, Broom Quarry	52.079115	-0.280974	F	-0.0354	-6e-4	65	425-200 BCE	..	Context: Archaeological - Period	United Kingdom	2021	PattersonNature2021
I3014	I3014	SB 382B2	petrous	2225	IA	England_MIA	England	England, Derbyshire, Brassington, Carsington Pasture Cave	53.079803	-1.640942	F	-0.0311	-4e-4	56	377-177 calBCE (2209±31 BP, UBA-30432)	..	Direct: IntCal20	United Kingdom	2021	PattersonNature2021
I7632	I7632	HATMP100001	tooth	2240	IA	England_MIA	England	England, Sussex, Brighton, Slonk Hill	50.844866	-0.266087	M	-0.0278	-0.0072	57	391-203 calBCE (2246±30 BP, SUERC-70740)	..	Direct: IntCal20	United Kingdom	2021	PattersonNature2021
I11143	I11143	GENLAB 2, a22 SID7, box 20	petrous	2145	IA	England_MIA_LIA	England	England, Somerset, Worlebury	51.357334	-2.988282	M	-0.0294	-0.0033	85	352-53 calBCE (2146±30 BP, SUERC-94961)	..	Direct: IntCal20	United Kingdom	2021	PattersonNature2021
I11152	I11152	GENLAB 76, 1060/2050, cat. 10219 (1060/2050; cat. 10219)	petrous	2179	IA	England_MIA_LIA	England	England, Cambridgeshire, Over	52.346588	0.031827553	M	-0.034	-0.0078	81	355-59 calBCE (2160±27 BP, OxA-24641)	..	Direct: IntCal20	United Kingdom	2021	PattersonNature2021
I11991	I11991	GENLAB 3, a22 SID7 | GENLAB 5 (a22 SID7, skull 15)	petrous	2116	IA	England_MIA_LIA	England	England, Somerset, Worlebury	51.357334	-2.988282	M	-0.0286	-0.0048	79	349-50 calBCE (2133±30 BP, SUERC-94962)	..	Direct: IntCal20	United Kingdom	2021	PattersonNature2021
I11992	I11992	GENLAB 4, a22 SID7 | GENLAB 11 (a22 SID7, Skeleton 19)	petrous	2095	IA	England_MIA_LIA	England	England, Somerset, Worlebury	51.357334	-2.988282	M	-0.0313	-0.0059	70	343-50 calBCE (2122±30 BP, SUERC-94963)	..	Direct: IntCal20	United Kingdom	2021	PattersonNature2021
I11993	I11993	GENLAB 33, A1766	petrous	2200	IA	England_MIA_LIA	England	England, Somerset, Ham Hill	50.949985	-2.735842	F	-0.0346	-0.0044	87	400-100 BCE	..	Context: Archaeological - Period	United Kingdom	2021	PattersonNature2021
I11994	I11994	GENLAB 34, misc, 104-10 1996 (misc; 104-10 1996)	petrous	2200	IA	England_MIA_LIA	England	England, Somerset, Ham Hill	50.949985	-2.735842	F	-0.0308	-0.0033	87	400-100 BCE	..	Context: Archaeological - Period	United Kingdom	2021	PattersonNature2021
I12790	I12790	TB 118, Sk 2877	petrous	2200	IA	England_MIA_LIA	England	England, Cornwall, Newquay, Tregunnel	50.409374	-5.088903	F	-0.0324	-0.0019	87	400-100 BCE	..	Context: Archaeological - Period	United Kingdom	2021	PattersonNature2021
I12793	I12793	TB 123, Sk 7286	petrous	2200	IA	England_MIA_LIA	England	England, Cornwall, Newquay, Tregunnel	50.409374	-5.088903	M	-0.0316	-0.0043	87	400-100 BCE	..	Context: Archaeological - Period	United Kingdom	2021	PattersonNature2021
I12926	I12926	TB 124, Sk 3231	petrous	2200	IA	England_MIA_LIA	England	England, Gloucestershire, Fairford, Saxon Way	51.709659	-1.791815	M	-0.0323	-0.0032	87	400-100 BCE	..	Context: Archaeological - Period	United Kingdom	2021	PattersonNature2021
I13616	I13616	GENLAB 131, ExEKA09, Zone 13 (ID 200062; Context 200066, ExEKA09, Zone 13)	tooth (molar)	2153	IA	England_MIA_LIA	England	England, Kent, East Kent Access Road	51.3603	1.3405	F	-0.0326	0.0079	89	356-49 calBCE (2196±27 BP, SUERC-97433, marine calibrated)	adult , 35-45	Direct (WARNING INCLUDES A MARINE CALIBRATION NEED TO UNDERSTAND HOW THIS WAS DONE): IntCal20	United Kingdom	2021	PattersonNature2021
I13726	I13726	GENLAB 6 (a18 SID7) | GENLAB 10 (a22 SID7, Skeleton 18)	petrous	2133	IA	England_MIA_LIA	England	England, Somerset, Worlebury	51.357334	-2.988282	M	-0.0288	-0.0071	83	351-52 calBCE (2141±30 BP, SUERC-94964)	..	Direct: IntCal20	United Kingdom	2021	PattersonNature2021
I14353	I14353	GENLAB 94; SK18	petrous	2120	IA	England_MIA_LIA	England	England, West Yorkshire, Wattle Syke	53.9085	-1.384997	M	-0.0279	-0.0094	80	349-51 calBCE (2135±30 BP, SUERC-27295)	young adult	Direct: IntCal20	United Kingdom	2021	PattersonNature2021
I14809	I14809	GENLAB358; SK 512 (SK 512; Cut 9999, Coombe Area)	petrous	2199	IA	England_MIA_LIA	England	England, Oxfordshire, Thame	51.75	-0.99	M	-0.0314	-0.0062	74	358-108 calBCE (2170±26 BP, SUERC-97423)	adult	Direct: IntCal20	United Kingdom	2021	PattersonNature2021
I14837	I14837	GENLAB 101; SF602[?][ARCHDP126]	tooth	2134	IA	England_MIA_LIA	England	England, West Yorkshire, Dalton Parlours	53.8954	-1.388994	F	-0.0338	-1e-4	106	381 calBCE - 6 calCE (2140±70 BP, HAR-6715)	adult	Direct: IntCal20	United Kingdom	2021	PattersonNature2021
I16386	I16386	TB 199; 1991.78a.2 (Skeleton 2118)	petrous	2050	IA	England_MIA_LIA	England	England, Cornwall, Newquay, Trethellan Farm	50.203523	-5.199698	F	-0.0286	-0.0044	116	300 BCE - 100 CE	..	Context: Archaeological - Period	United Kingdom	2021	PattersonNature2021
I16450	I16450	TB 189; Sk 2080	petrous	2050	IA	England_MIA_LIA	England	England, Cornwall, Newquay, Trethellan Farm	50.203523	-5.199698	M	-0.0315	-0.0024	116	300 BCE - 100 CE	..	Context: Archaeological - Period	United Kingdom	2021	PattersonNature2021
I16455	I16455	TB 196; Sk 2119 (1991.789.5	petrous	2050	IA	England_MIA_LIA	England	England, Cornwall, Newquay, Trethellan Farm	50.203523	-5.199698	M	-0.0368	-0.0113	116	300 BCE - 100 CE	..	Context: Archaeological - Period	United Kingdom	2021	PattersonNature2021
I16457	I16457	TB 203; 1991.789.6 (Skeleton 2180)	petrous	2050	IA	England_MIA_LIA	England	England, Cornwall, Newquay, Trethellan Farm	50.203523	-5.199698	F	-0.026	-0.0074	116	300 BCE - 100 CE	..	Context: Archaeological - Period	United Kingdom	2021	PattersonNature2021
I16458	I16458	TB 205; 1991.78a.1 (Skeleton 2077)	petrous	2050	IA	England_MIA_LIA	England	England, Cornwall, Newquay, Trethellan Farm	50.203523	-5.199698	M	-0.0315	-0.0028	116	300 BCE - 100 CE	..	Context: Archaeological - Period	United Kingdom	2021	PattersonNature2021
I16601	I16601	85680; 61508; GENLAB 276	tooth (molar)	2082	IA	England_MIA_LIA	England	England, Wiltshire, Amesbury Down	51.168023	-1.7725402	F	-0.0337	-6e-4	68	343-43 calBCE (2111±34 BP, SUERC-49181)	adult , 40-50	Direct: IntCal20	United Kingdom	2021	PattersonNature2021
I16619	I16619	R3428	tooth (molar)	2198	IA	England_MIA_LIA	England	England, Sussex, Brighton, Bevendean	50.839112	-0.097013	M	-0.0271	0.0028	75	361-106 calBCE (2173±31 BP, SUERC-76361)	..	Direct: IntCal20	United Kingdom	2021	PattersonNature2021
I17262	I17262	SF 94; F. 441	petrous	2176	IA	England_MIA_LIA	England	England, Hampshire, Middle Wallop, Suddern Farm	51.140932	-1.598337	F	-0.031	-0.0082	83	357-57 calBCE (2161±32 BP, SUERC-60697)	..	Direct: IntCal20	United Kingdom	2021	PattersonNature2021
I17263	I17263	DA 75; P. 807; Deposit 27	petrous	2114	IA	England_MIA_LIA	England	England, Hampshire, Nether Wallop, Danebury	51.138291	-1.53093	F	-0.0323	-0.0103	75	346-52 calBCE (2133±26 BP, OxA-25958)	..	Direct: IntCal20	United Kingdom	2021	PattersonNature2021
I17264	I17264	DA 75; Deposit 28; Pit 829 | DA 75; Deposit 29; Pit 829	petrous	2225	IA	England_MIA_LIA	England	England, Hampshire, Nether Wallop, Danebury	51.138291	-1.53093	M	-0.0284	-0.0082	101	450-100 BCE	..	Context: Archaeological - Period	United Kingdom	2021	PattersonNature2021
I17266	I17266	DA 82; Deposit 214; Pit 1993	petrous	2183	IA	England_MIA_LIA	England	England, Hampshire, Nether Wallop, Danebury	51.138291	-1.53093	F	-0.0264	-0.0098	80	355-60 calBCE (2162±27 BP, OxA-25956)	..	Direct: IntCal20	United Kingdom	2021	PattersonNature2021
I17267	I17267	DA 76; Deposit 40; Pit 923	petrous	2225	IA	England_MIA_LIA	England	England, Hampshire, Nether Wallop, Danebury	51.138291	-1.53093	F	-0.0322	-0.0033	101	450-100 BCE	..	Context: Archaeological - Period	United Kingdom	2021	PattersonNature2021
I19040	I19040	GENLAB 317 (WD78 508)	tooth (molar)	2200	IA	England_MIA_LIA	England	England, Hampshire, Winnall Down	51.07	-1.29	F	-0.0306	-0.0032	87	400-100 BCE	20-25	Context: Archaeological - Period	United Kingdom	2021	PattersonNature2021
I19042	I19042	GENLAB 319 (WD78 629)	tooth (molar)	2245	IA	England_MIA_LIA	England	England, Hampshire, Winnall Down	51.07	-1.29	F	-0.0318	-0.0024	127	715-48 calBCE (2250±90 BP, HAR-2937)	17-25	Direct: IntCal20	United Kingdom	2021	PattersonNature2021
I19657	I19657	GENLAB 70 (con. 1061, cat. 1001, F.1021)	petrous	2183	IA	England_MIA_LIA	England	England, Somerset, Ham Hill	50.949985	-2.735842	F	-0.0331	-0.0046	81	356-59 calBCE (2163±29 BP, SUERC-73827)	..	Direct: IntCal20	United Kingdom	2021	PattersonNature2021
I19854	I19854	GENLAB 35 (misc; 104-10 1996)	petrous	2200	IA	England_MIA_LIA	England	England, Somerset, Ham Hill	50.949985	-2.735842	F	-0.0313	-0.003	87	400-100 BCE	..	Context: Archaeological - Period	United Kingdom	2021	PattersonNature2021
I19855	I19855	GENLAB 36 (A1118 (A1773))	petrous	2200	IA	England_MIA_LIA	England	England, Somerset, Ham Hill	50.949985	-2.735842	M	-0.0295	-0.0104	87	400-100 BCE	..	Context: Archaeological - Period	United Kingdom	2021	PattersonNature2021
I20584	I20584	GENLAB 347; 2118	petrous	2161	IA	England_MIA_LIA	England	England, Oxfordshire, Stanton Harcourt, Gravelly Guy	51.74585	-1.416236	F	-0.0295	-0.0071	85	355-54 calBCE (2153±30 BP, SUERC-95008)	..	Direct: IntCal20	United Kingdom	2021	PattersonNature2021
I20621	I20621	CE053	bone (cranial)	2175	IA	England_MIA_LIA	England	England, Derbyshire, Fin Cop	53.235833	-1.736944	F	-0.028	0.002	101	400-50 BCE	..	Context: Date(s) from same site (I20625, I20626, I20628, I20622, I20624, I20627, I20620)	United Kingdom	2021	PattersonNature2021
I20622	I20622	CE054	petrous	2186	IA	England_MIA_LIA	England	England, Derbyshire, Fin Cop	53.235833	-1.736944	M	-0.0331	0.0019	80	357-60 calBCE (2165±30 BP, SUERC-31494)	..	Direct: IntCal20	United Kingdom	2021	PattersonNature2021
I20623	I20623	CE055	petrous	2225	IA	England_MIA_LIA	England	England, Derbyshire, Fin Cop	53.235833	-1.736944	F	-0.027	-0.0014	72	400-150 BCE	..	Context: Date(s) on relative I20627	United Kingdom	2021	PattersonNature2021
I20624	I20624	CE056	tooth (premolar)	2194	IA	England_MIA_LIA	England	England, Derbyshire, Fin Cop	53.235833	-1.736944	M	-0.0285	-0.0084	76	356-108 calBCE (2166±24 BP, OxA-23358)	..	Direct: IntCal20	United Kingdom	2021	PattersonNature2021
I20626	I20626	CE058	bone (long bone)	2118	IA	England_MIA_LIA	England	England, Derbyshire, Fin Cop	53.235833	-1.736944	M	-0.0348	-0.0073	74	346-53 calBCE (2135±23 BP, OxA-23359)	..	Direct: IntCal20	United Kingdom	2021	PattersonNature2021
I20628	I20628	CE060	petrous	2131	IA	England_MIA_LIA	England	England, Derbyshire, Fin Cop	53.235833	-1.736944	M	-0.0366	0.0026	83	351-52 calBCE (2140±30 BP, SUERC-31499)	..	Direct: IntCal20	United Kingdom	2021	PattersonNature2021
I20630_d	I20630	CE062	tooth (molar)	2175	IA	England_MIA_LIA	England	England, Derbyshire, Fin Cop	53.235833	-1.736944	M	-0.0337	0.0044	101	400-50 BCE	..	Context: Date(s) from same site (I20625, I20626, I20628, I20622, I20624, I20627, I20620)	United Kingdom	2021	PattersonNature2021
I20631	I20631	CE063	petrous	2175	IA	England_MIA_LIA	England	England, Derbyshire, Fin Cop	53.235833	-1.736944	F	-0.0323	-0.0052	101	400-50 BCE	..	Context: Date(s) from same site (I20625, I20626, I20628, I20622, I20624, I20627, I20620)	United Kingdom	2021	PattersonNature2021
I20634	I20634	CE066	bone (long bone)	2175	IA	England_MIA_LIA	England	England, Derbyshire, Fin Cop	53.235833	-1.736944	M	-0.0298	0.0108	101	400-50 BCE	..	Context: Date(s) from same site (I20625, I20626, I20628, I20622, I20624, I20627, I20620)	United Kingdom	2021	PattersonNature2021
I20982	I20982	SF 96/2; F. 455 Burial A	petrous	2176	IA	England_MIA_LIA	England	England, Hampshire, Middle Wallop, Suddern Farm	51.140932	-1.598337	M	-0.0302	-0.0073	130	450-1 BCE	..	Context: Date(s) from same site (I16609, I16611, I17261, I17262)	United Kingdom	2021	PattersonNature2021
I20983	I20983	SF 96; F. 454	petrous	2176	IA	England_MIA_LIA	England	England, Hampshire, Middle Wallop, Suddern Farm	51.140932	-1.598337	F	-0.0308	-0.0048	130	450-1 BCE	..	Context: Date(s) from same site (I16609, I16611, I17261, I17262)	United Kingdom	2021	PattersonNature2021
I20984	I20984	SF 96; F.453	petrous	2176	IA	England_MIA_LIA	England	England, Hampshire, Middle Wallop, Suddern Farm	51.140932	-1.598337	F	-0.0301	-0.0042	130	450-1 BCE	..	Context: Date(s) from same site (I16609, I16611, I17261, I17262)	United Kingdom	2021	PattersonNature2021
I20985	I20985	SF 96/2; F.445A	petrous	2176	IA	England_MIA_LIA	England	England, Hampshire, Middle Wallop, Suddern Farm	51.140932	-1.598337	F	-0.0317	-0.0088	130	450-1 BCE	..	Context: Date(s) from same site (I16609, I16611, I17261, I17262)	United Kingdom	2021	PattersonNature2021
I20986	I20986	SF 96/2; F.447	petrous	2176	IA	England_MIA_LIA	England	England, Hampshire, Middle Wallop, Suddern Farm	51.140932	-1.598337	F	-0.0311	-0.0042	130	450-1 BCE	..	Context: Date(s) from same site (I16609, I16611, I17261, I17262)	United Kingdom	2021	PattersonNature2021
I20987	I20987	SF 96; F. 439	petrous	2176	IA	England_MIA_LIA	England	England, Hampshire, Middle Wallop, Suddern Farm	51.140932	-1.598337	M	-0.0267	-0.0041	130	450-1 BCE	infant	Context: Date(s) from same site (I16609, I16611, I17261, I17262)	United Kingdom	2021	PattersonNature2021
I20988	I20988	DA 74; Deposit 26; Pit 639	petrous	2225	IA	England_MIA_LIA	England	England, Hampshire, Nether Wallop, Danebury	51.138291	-1.53093	M	-0.0321	-0.0055	101	450-100 BCE	..	Context: Archaeological - Period	United Kingdom	2021	PattersonNature2021
I20989	I20989	DA 78; Deposit 46; Pit 1015	petrous	2173	IA	England_MIA_LIA	England	England, Hampshire, Nether Wallop, Danebury	51.138291	-1.53093	M	-0.0331	-0.0067	82	354-59 calBCE (2157±26 BP, OxA-25955)	..	Direct: IntCal20	United Kingdom	2021	PattersonNature2021
I21271	I21271	GENLAB 340; 1133	petrous	2200	IA	England_MIA_LIA	England	England, Oxfordshire, Stanton Harcourt, Gravelly Guy	51.74585	-1.416236	F	-0.0301	-0.0115	87	400-100 BCE	..	Context: Archaeological - Period	United Kingdom	2021	PattersonNature2021
I21272	I21272	GENLAB 341; 1339	petrous	2200	IA	England_MIA_LIA	England	England, Oxfordshire, Stanton Harcourt, Gravelly Guy	51.74585	-1.416236	M	-0.03	-0.0013	87	400-100 BCE	..	Context: Archaeological - Period	United Kingdom	2021	PattersonNature2021
I21274	I21274	GENLAB 343; 2144/B/1	petrous	2200	IA	England_MIA_LIA	England	England, Oxfordshire, Stanton Harcourt, Gravelly Guy	51.74585	-1.416236	F	-0.0247	-0.0031	87	400-100 BCE	..	Context: Archaeological - Period	United Kingdom	2021	PattersonNature2021
I21275	I21275	GENLAB 345; 1371	petrous	2231	IA	England_MIA	England	England, Oxfordshire, Stanton Harcourt, Gravelly Guy	51.74585	-1.416236	F	-0.0324	-0.007	52	384-202 calBCE (2229±24 BP, SUERC-104565)	..	Direct: IntCal20	United Kingdom	2021	PattersonNature2021
I21277	I21277	GENLAB 348; 2169	petrous	2225	IA	England_MIA	England	England, Oxfordshire, Stanton Harcourt, Gravelly Guy	51.74585	-1.416236	M	-0.0312	-9e-4	53	359-54 calBCE (2204±24 BP, SUERC-104570)	..	Direct: IntCal20	United Kingdom	2021	PattersonNature2021
I21307	I21307	GENLAB 46 (4345; W4896)	petrous	2117	IA	England_MIA_LIA	England	England, Wiltshire, Battlesbury Bowl	51.217744	-2.136648	M	-0.031	-0.0028	77	346-52 calBCE (2134±27 BP, SUERC-97430)	..	Direct: IntCal20	United Kingdom	2021	PattersonNature2021
I21308	I21308	GENLAB 47 (4322; W4896)	petrous	2058	IA	England_MIA_LIA	England	England, Wiltshire, Battlesbury Bowl	51.217744	-2.136648	M	-0.0345	-0.0036	108	356 calBCE - 110 calCE (2083±70 BP, NZA-13631)	..	Direct: IntCal20	United Kingdom	2021	PattersonNature2021
I21309	I21309	GENLAB 48 (4347; 44896)	petrous	2165	IA	England_MIA_LIA	England	England, Wiltshire, Battlesbury Bowl	51.217744	-2.136648	M	-0.0294	-0.0065	83	354-57 calBCE (2154±27 BP, SUERC-97431)	..	Direct: IntCal20	United Kingdom	2021	PattersonNature2021
I21310	I21310	GENLAB 49 (4346; W4896)	petrous	2115	IA	England_MIA_LIA	England	England, Wiltshire, Battlesbury Bowl	51.217744	-2.136648	F	-0.0314	-0.0043	119	386 calBCE - 58 calCE (2127±85 BP, NZA-13632)	..	Direct: IntCal20	United Kingdom	2021	PattersonNature2021
I21311	I21311	GENLAB 50 (4251; W4896)	petrous	2078	IA	England_MIA_LIA	England	England, Wiltshire, Battlesbury Bowl	51.217744	-2.136648	F	-0.0286	-0.0077	58	336-49 calBCE (2112±27 BP, SUERC-97432)	..	Direct: IntCal20	United Kingdom	2021	PattersonNature2021
I21312	I21312	GENLAB 53 (C.30)	petrous	2096	IA	England_MIA_LIA	England	England, Wiltshire, Casterley Camp	51.28086	-1.835571	M	-0.0274	-0.0086	68	343-51 calBCE (2124±27 BP, SUERC-97418)	..	Direct: IntCal20	United Kingdom	2021	PattersonNature2021
I21313	I21313	GENLAB 54 (C.29)	petrous	2165	IA	England_MIA_LIA	England	England, Wiltshire, Casterley Camp	51.28086	-1.835571	M	-0.0299	-0.0107	83	354-57 calBCE (2154±27 BP, SUERC-97419)	..	Direct: IntCal20	United Kingdom	2021	PattersonNature2021
I21314	I21314	GENLAB 55 (C.31)	petrous	2095	IA	England_MIA_LIA	England	England, Wiltshire, Casterley Camp	51.28086	-1.835571	F	-0.0288	-0.009	67	342-51 calBCE (2123±27 BP, SUERC-97420)	..	Direct: IntCal20	United Kingdom	2021	PattersonNature2021
I14378	I14378	56950; 3563; GENLAB 254	petrous	2264	IA	England_MIA_lowEEF	England	England, Kent, Cliffs End Farm	51.329195	1.3693088	F	-0.0324	0.0036	63	400-208 calBCE (2275±30 BP, GrA-37911)	adult , 40-45	Direct: IntCal20	United Kingdom	2021	PattersonNature2021
I16498	I16498	Y108; Sk 2; GENLAB 297 ( GENLAB 297; Y108)	tooth (molar)	2495	IA	Scotland_EIA	Scotland	Scotland, East Lothian, Broxmouth	55.988523	-2.480662	F	-0.0341	0.0088	104	750-404 calBCE (2430±30 BP, SUERC-24246)	..	Direct: IntCal20	United Kingdom	2021	PattersonNature2021
I2692	I2692	GENSCOT31	petrous	2436	IA	Scotland_EIA	Scotland	Scotland, East Lothian, Broxmouth	55.988523	-2.480662	F	-0.0304	6e-4	80	727-396 calBCE (2395±30 BP, SUERC-21988)	..	Direct: IntCal20	United Kingdom	2021	PattersonNature2021
I16504	I16504	Y122; No. 19; DKQ(F); JPO/JDM; GENLAB 363 ( GENLAB 363; Y122)	tooth (premolar)	1916	IA	Scotland_IA	Scotland	Scotland, East Lothian, Broxmouth	55.988523	-2.480662	M	-0.0336	9e-4	40	42 calBCE - 116 calCE (1983±24 BP, SUERC-97411)	..	Direct: IntCal20	United Kingdom	2021	PattersonNature2021
I16413	I16413	Y102; (047); CIST F1000; GENLAB 309 (GENLAB 309; Y102)	petrous	1920	IA	Scotland_LIA	Scotland	Scotland, East Lothian, North Berwick, Law Road	56.057551	-2.71935	F	-0.0286	0.0025	43	44 calBCE - 117 calCE (1987±29 BP, SUERC-94954)	..	Direct: IntCal20	United Kingdom	2021	PattersonNature2021
I16418	I16418	Y113; (046); GENLAB 311 (GENLAB 311; Y113, -46)	petrous	1955	IA	Scotland_LIA	Scotland	Scotland, East Lothian, North Berwick, Law Road	56.057551	-2.71935	M	-0.0299	0.0053	43	97 calBCE - 107 calCE (2019±30 BP, SUERC-94959)	..	Direct: IntCal20	United Kingdom	2021	PattersonNature2021
I16495	I16495	Y103; (050); GENLAB 308 ( GENLAB 308; Y103)	petrous	2055	IA	Scotland_LIA	Scotland	Scotland, East Lothian, North Berwick, Law Road	56.057551	-2.71935	F	-0.0299	0.0025	51	196 calBCE - 3 calCE (2091±30 BP, SUERC-94953)	..	Direct: IntCal20	United Kingdom	2021	PattersonNature2021
I2693	I2693	GENSCOT32	petrous	2060	IA	Scotland_LIA	Scotland	Scotland, East Lothian, Broxmouth	55.988523	-2.480662	M	-0.0305	0.001	52	197 calBCE - 1 calCE (2095±30 BP, SUERC-24248)	..	Direct: IntCal20	United Kingdom	2021	PattersonNature2021
I2699	I2699	GENSCOT38	bone (phalanx)	2000	IA	Scotland_LIA	Scotland	Scotland, South Uist, Hornish Point	57.4	-7.399	M	-0.0313	0.0202	49	159 calBCE - 26 calCE (2050±30 BP, SUERC-24241)	..	Direct: IntCal20	United Kingdom	2021	PattersonNature2021
I27384	I27384	GENLAB 393 (HOB 13, Skeleton 1, east)	petrous	1945	IA	Scotland_LIA	Scotland	Scotland, West Lothian, House of Binns	55.989526	-3.5255164	M	-0.0309	4e-4	42	90 calBCE - 110 calCE (2010±30 BP, SUERC-50518)	..	Direct: IntCal20	United Kingdom	2021	PattersonNature2021
I27385	I27385	GENLAB 394 (HOB 13, Skeleton 2, west)	petrous	1916	IA	Scotland_LIA	Scotland	Scotland, West Lothian, House of Binns	55.989526	-3.5255164	M	-0.0309	0.0018	42	43 calBCE - 117 calCE (1984±28 BP, SUERC-50519)	..	Direct: IntCal20	United Kingdom	2021	PattersonNature2021
I2799	I2799	GENSCOT84; 1978-82, HH81, 4546, 1251, Phase 7	tooth (molar)	2002	IA	Scotland_LIA	Scotland	Scotland, Orkney, Howe of Howe	58.97927	-3.26	M	-0.0343	-0.0033	45	152 calBCE - 22 calCE (2052±26 BP, SUERC-68732)	..	Direct: IntCal20	United Kingdom	2021	PattersonNature2021
I2824	I2824	GENSCOT46	petrous	1908	IA	Scotland_LIA	Scotland	Scotland, Isle of Harris, Northton	57.81	-7.094	M	-0.0336	-0.0032	43	41 calBCE - 121 calCE (1977±29 BP, SUERC-68706)	..	Direct: IntCal20	United Kingdom	2021	PattersonNature2021
I3566	I3566	GENSCOT92 (Skeleton?)	petrous	2031	IA	Scotland_LIA	Scotland	Scotland, Highland, Applecross	57.433	-5.815186425	M	-0.0344	0.0036	50	170 calBCE - 10 calCE (2070±31 BP, SUERC-73990)	26-44	Direct: IntCal20	United Kingdom	2021	PattersonNature2021
I3567	I3567	GENSCOT93; Skeleton 2	petrous	2037	IA	Scotland_LIA	Scotland	Scotland, Highland, Applecross	57.433	-5.815186425	M	-0.0363	0.0097	50	173 calBCE - 8 calCE (2075±31 BP, SUERC-73991)	26-44	Direct: IntCal20	United Kingdom	2021	PattersonNature2021
I3568	I3568	GENSCOT94 (original skull)	petrous	1912	IA	Scotland_LIA	Scotland	Scotland, Highland, Applecross	57.433	-5.815186425	M	-0.0329	0.0021	42	42 calBCE - 119 calCE (1980±28 BP, SUERC-73992)	..	Direct: IntCal20	United Kingdom	2021	PattersonNature2021
I5474	I5474	Cumledge	tooth (molar)	1971	IA	Scotland_LIA	Scotland	Scotland, Scottish Borders, Cumledge (Auchencraw Park)	55.802822	-2.347257	F	-0.0222	3e-4	52	151 calBCE - 77 calCE (2030±35 BP, GrA-27298)	..	Direct: IntCal20	United Kingdom	2021	PattersonNature2021
I2983	I2983	GENSCOT86; 1982.330.330; Bu 78, 31, 2	petrous	2257	IA	Scotland_MIA	Scotland	Scotland, Orkney, Bu	58.96498	-3.2717	F	-0.0347	0.0065	62	399-207 calBCE (2271±33 BP, SUERC-69075)	..	Direct: IntCal20	United Kingdom	2021	PattersonNature2021
I16422	I16422	Y120; Sk 12; GENLAB 361 (GENLAB 361; Y120, Sk 11)	petrous	2208	IA	Scotland_MIA_LIA	Scotland	Scotland, East Lothian, Broxmouth	55.988523	-2.480662	M	-0.0358	0.0075	69	364-121 calBCE (2180±30 BP, SUERC-24252)	..	Direct: IntCal20	United Kingdom	2021	PattersonNature2021
I16499	I16499	Y112; (053); CIST F1000; GENLAB 310 ( GENLAB 310; Y112, (53); CIST F1000)	petrous	2069	IA	Scotland_MIA_LIA	Scotland	Scotland, East Lothian, North Berwick, Law Road	56.057551	-2.71935	M	-0.0348	0.0034	56	337-43 calBCE (2103±30 BP, SUERC-94958)	..	Direct: IntCal20	United Kingdom	2021	PattersonNature2021
I2694	I2694	GENSCOT33	petrous	2202	IA	Scotland_MIA_LIA	Scotland	Scotland, East Lothian, Broxmouth	55.988523	-2.480662	F	-0.0325	0.0077	73	361-110 calBCE (2175±30 BP, SUERC-24247)	..	Direct: IntCal20	United Kingdom	2021	PattersonNature2021
I2695	I2695	GENSCOT34	petrous	2208	IA	Scotland_MIA_LIA	Scotland	Scotland, East Lothian, Broxmouth	55.988523	-2.480662	M	-0.0332	0.0038	69	364-121 calBCE (2180±30 BP, SUERC-21990)	..	Direct: IntCal20	United Kingdom	2021	PattersonNature2021
I2696	I2696	GENSCOT35	petrous	2165	IA	Scotland_MIA_LIA	Scotland	Scotland, East Lothian, Broxmouth	55.988523	-2.480662	F	-0.0362	0.0026	84	355-55 calBCE (2155±30 BP, SUERC-24250)	..	Direct: IntCal20	United Kingdom	2021	PattersonNature2021
I6771	I6771	SB 585A	..	2042	IA	Wales_IA	Wales	Wales, Glamorgan, Llantwit Major, Llanmaes	51.416667	-3.466667	F	-0.032	-0.0012	42	169 calBCE - 2 calCE (2080±25 BP, SUERC-97787)	..	Direct: IntCal20	United Kingdom	2021	PattersonNature2021
I16405	I16405	TB 242; 2008.14H/4.1	petrous	2250	IA	Wales_MIA	Wales	Wales, Glamorgan, RAF St Athan	51.409175	-3.421758	M	-0.0298	-0.001	61	397-205 calBCE (2263±35 BP, Wk-15365)	..	Direct: IntCal20	United Kingdom	2021	PattersonNature2021
I16475	I16475	TB 237; 58.535/1151 | TB 239; 58.535/1151	tooth (molar)	2226	IA	Wales_MIA_LIA	Wales	Wales, Clwyd, Dinorben	53.268526	-3.54858	M	-0.0283	5e-4	158	550-1 BCE	..	Context: Archaeological - Period	United Kingdom	2021	PattersonNature2021
